external_code,fold
1,2
2,3
3,1
4,2
5,4
6,1
7,0
8,4
9,2
10,0
11,2
12,1
13,1
14,1
15,3
16,0
17,4
18,4
19,3
20,0
21,1
22,2
23,1
24,4
25,0
26,0
27,3
28,3
29,3
30,0
31,1
32,0
33,2
34,4
35,2
36,1
37,3
38,2
39,0
40,4
41,1
42,1
43,4
44,2
45,4
46,3
47,4
48,1
49,4
50,2
51,2
52,3
53,3
54,4
55,2
56,1
57,0
58,4
59,0
60,0
61,2
62,0
63,3
64,0
65,1
66,4
67,2
68,0
69,2
70,3
71,1
72,3
73,1
74,3
75,4
76,4
77,2
78,2
79,1
80,4
81,3
82,4
83,2
84,1
85,0
86,3
87,2
88,4
89,0
90,2
91,3
92,2
93,4
94,3
95,2
96,0
97,2
98,3
99,1
100,1
101,0
102,3
103,3
104,2
105,2
106,1
107,2
108,4
109,2
110,4
111,4
112,3
113,4
114,3
115,0
116,1
117,0
118,1
119,3
120,3
121,4
122,0
123,3
124,1
125,3
126,0
127,0
128,3
129,3
130,2
131,2
132,3
133,3
134,3
135,2
136,1
137,2
138,2
139,4
140,3
141,4
142,3
143,2
144,2
145,1
146,1
147,1
148,3
149,4
150,4
151,2
152,0
153,3
154,3
155,4
156,0
157,1
158,1
159,3
160,1
161,2
162,0
163,3
164,2
165,4
166,1
167,1
168,2
169,0
170,3
171,2
172,2
173,3
174,3
175,2
176,0
177,4
178,2
179,0
180,0
181,1
182,4
183,2
184,0
185,0
186,2
187,1
188,4
189,1
190,3
191,3
192,2
193,2
194,1
195,3
196,0
197,4
198,3
199,3
200,2
201,2
202,0
203,1
204,2
205,2
206,0
207,2
208,1
209,2
210,1
211,0
212,0
213,0
214,4
215,2
216,3
217,4
218,0
219,3
220,0
221,2
222,1
223,1
224,3
225,0
226,4
227,3
228,1
229,1
230,1
231,1
232,2
233,1
234,3
235,2
236,0
237,2
238,0
239,4
240,2
241,1
242,1
243,0
244,0
245,3
246,2
247,4
248,3
249,0
250,3
251,2
252,4
253,3
254,2
255,2
256,2
257,3
258,3
259,0
260,0
261,1
262,1
263,3
264,2
265,2
266,4
267,1
268,2
269,1
270,2
271,0
272,4
273,2
274,4
275,3
276,3
277,1
278,1
279,4
280,2
281,1
282,1
283,4
284,0
285,1
286,0
287,0
288,2
289,4
290,1
291,3
292,2
293,3
294,3
295,3
296,0
297,0
298,0
299,0
300,1
301,4
302,0
303,3
304,4
305,1
306,1
307,3
308,4
309,2
310,0
311,2
312,2
313,3
314,3
315,2
316,4
317,1
318,0
319,2
320,0
321,1
322,2
323,2
324,3
325,1
326,1
327,3
328,0
329,1
330,2
331,0
332,2
333,4
334,0
335,1
336,3
337,4
338,3
339,2
340,0
341,3
342,0
343,2
344,2
345,3
346,3
347,2
348,1
349,1
350,0
351,2
352,4
353,2
354,4
355,4
356,4
357,0
358,4
359,3
360,4
361,3
362,2
363,4
364,2
365,3
366,4
367,3
368,3
369,3
370,4
371,1
372,4
373,1
374,3
375,4
376,4
377,3
378,4
379,4
380,0
381,2
382,3
383,2
384,0
385,0
386,1
387,3
388,4
389,4
390,0
391,0
392,0
393,2
394,2
395,1
396,0
397,2
398,1
399,4
400,3
401,2
402,2
403,4
404,4
405,3
406,3
407,3
408,0
409,4
410,3
411,4
412,1
413,2
414,1
415,0
416,3
417,0
418,0
419,2
420,4
421,0
422,3
423,2
424,0
425,3
426,3
427,3
428,0
429,0
430,2
431,4
432,1
433,0
434,2
435,2
436,0
437,2
438,0
439,2
440,4
441,3
442,0
443,0
444,0
445,2
446,1
447,3
448,1
449,0
450,2
451,1
452,0
453,4
454,0
455,3
456,1
457,3
458,0
459,0
460,4
461,3
462,2
463,4
464,2
465,0
466,0
467,3
468,2
469,3
470,1
471,3
472,0
473,4
474,0
475,0
476,1
477,4
478,2
479,0
480,2
481,3
482,4
483,3
484,0
485,3
486,0
487,1
488,2
489,1
490,2
491,3
492,2
493,3
494,0
495,4
496,4
497,3
498,1
499,1
500,2
501,4
502,3
503,4
504,2
505,0
506,3
507,3
508,4
509,0
510,4
511,4
512,2
513,1
514,4
515,0
516,0
517,1
518,3
519,2
520,4
521,2
522,1
523,4
524,2
525,1
526,1
527,0
528,0
529,4
530,4
531,1
532,1
533,4
534,0
535,2
536,1
537,1
538,3
539,2
540,1
541,1
542,4
543,4
544,2
545,3
546,3
547,2
548,2
549,3
550,0
551,4
552,0
553,0
554,1
555,1
556,2
557,0
558,1
559,3
560,4
561,4
562,1
563,1
564,4
565,3
566,0
567,0
568,3
569,4
570,4
571,3
572,0
573,0
574,2
575,2
576,1
577,2
578,4
579,1
580,0
581,2
582,4
583,0
584,3
585,0
586,2
587,3
588,0
589,2
590,4
591,0
592,4
593,0
594,3
595,4
596,3
597,4
598,1
599,2
600,4
601,2
602,0
603,4
604,3
605,4
606,4
607,1
608,3
609,0
610,3
611,0
612,1
613,2
614,3
615,1
616,0
617,0
618,1
619,2
620,3
621,2
622,4
623,4
624,2
625,2
626,4
627,0
628,4
629,0
630,2
631,4
632,4
633,4
634,3
635,4
636,4
637,0
638,4
639,3
640,0
641,3
642,2
643,4
644,4
645,3
646,1
647,3
648,0
649,4
650,2
651,2
652,1
653,2
654,3
655,3
656,0
657,2
658,2
659,1
660,3
661,2
662,1
663,3
664,3
665,2
666,0
667,4
668,4
669,3
670,2
671,3
672,1
673,2
674,2
675,2
676,3
677,4
678,0
679,3
680,2
681,3
682,3
683,1
684,3
685,3
686,0
687,1
688,1
689,0
690,1
691,4
692,1
693,2
694,4
695,1
696,4
697,2
698,1
699,3
700,2
701,1
702,0
703,4
704,4
705,0
706,0
707,4
708,4
709,0
710,2
711,1
712,3
713,0
714,3
715,2
716,1
717,4
718,2
719,2
720,1
721,3
722,0
723,1
724,1
725,2
726,3
727,2
728,4
729,2
730,1
731,3
732,2
733,2
734,1
735,4
736,2
737,2
738,0
739,1
740,1
741,4
742,4
743,3
744,4
745,1
746,2
747,2
748,1
749,3
750,4
751,3
752,1
753,1
754,3
755,1
756,1
757,4
758,1
759,1
760,0
761,0
762,4
763,4
764,2
765,3
766,0
767,0
768,4
769,3
770,3
771,4
772,4
773,0
774,0
775,1
776,4
777,1
778,3
779,4
780,4
781,4
782,3
783,1
784,1
785,3
786,3
787,3
788,2
789,3
790,3
791,4
792,4
793,0
794,3
795,2
796,4
797,3
798,4
799,2
800,4
801,0
802,2
803,0
804,4
805,2
806,2
807,0
808,1
809,0
810,2
811,1
812,0
813,3
814,0
815,2
816,4
817,4
818,1
819,3
820,1
821,0
822,2
823,4
824,2
825,2
826,3
827,3
828,2
829,4
830,0
831,3
832,4
833,4
834,0
835,0
836,0
837,2
838,4
839,0
840,4
841,3
842,1
843,0
844,3
845,0
846,0
847,3
848,3
849,0
850,3
851,4
852,1
853,0
854,2
855,0
856,1
857,0
858,4
859,0
860,1
861,0
862,0
863,2
864,2
865,4
866,4
867,3
868,2
869,1
870,4
871,0
872,3
873,2
874,1
875,0
876,3
877,4
878,4
879,0
880,0
881,3
882,3
883,2
884,0
885,4
886,4
887,1
888,4
889,3
890,0
891,3
892,2
893,4
894,4
895,2
896,0
897,4
898,3
899,0
900,0
901,0
902,2
903,3
904,1
905,0
906,1
907,0
908,4
909,3
910,1
911,4
912,2
913,2
914,2
915,0
916,1
917,2
918,0
919,0
920,1
921,4
922,3
923,2
924,0
925,3
926,4
927,1
928,4
929,2
930,2
931,3
932,3
933,1
934,3
935,0
936,1
937,2
938,2
939,1
940,4
941,4
942,2
943,2
944,4
945,4
946,0
947,4
948,2
949,4
950,0
951,4
952,3
953,0
954,3
955,2
956,4
957,0
958,0
959,1
960,3
961,2
962,0
963,3
964,1
965,2
966,0
967,0
968,3
969,0
970,4
971,0
972,0
973,0
974,0
975,2
976,0
977,2
978,1
979,3
980,3
981,3
982,4
983,0
984,3
985,3
986,2
987,0
988,0
989,4
990,0
991,4
992,0
993,3
994,0
995,1
996,1
997,2
998,4
999,1
1000,0
1001,4
1002,3
1003,1
1004,3
1005,1
1006,2
1007,4
1008,0
1009,4
1010,0
1011,2
1012,2
1013,4
1014,3
1015,1
1016,1
1017,3
1018,2
1019,2
1020,1
1021,4
1022,3
1023,3
1024,2
1025,3
1026,0
1027,2
1028,2
1029,1
1030,4
1031,1
1032,4
1033,0
1034,1
1035,1
1036,0
1037,2
1038,4
1039,1
1040,0
1041,2
1042,4
1043,1
1044,0
1045,0
1046,4
1047,4
1048,4
1049,0
1050,2
1051,0
1052,3
1053,1
1054,0
1055,2
1056,3
1057,3
1058,3
1059,2
1060,0
1061,2
1062,3
1063,1
1064,1
1065,1
1066,3
1067,2
1068,1
1069,3
1070,0
1071,1
1072,2
1073,3
1074,1
1075,3
1076,3
1077,0
1078,0
1079,0
1080,0
1081,3
1082,2
1083,1
1084,4
1085,4
1086,4
1087,4
1088,0
1089,1
1090,1
1091,4
1092,1
1093,1
1094,0
1095,4
1096,0
1097,3
1098,1
1099,3
1100,3
1101,2
1102,4
1103,3
1104,0
1105,2
1106,3
1107,3
1108,1
1109,1
1110,4
1111,2
1112,4
1113,3
1114,4
1115,2
1116,2
1117,0
1118,3
1119,4
1120,2
1121,1
1122,1
1123,3
1124,1
1125,0
1126,1
1127,2
1128,4
1129,0
1130,4
1131,2
1132,2
1133,1
1134,3
1135,1
1136,3
1137,4
1138,1
1139,0
1140,3
1141,4
1142,1
1143,4
1144,0
1145,2
1146,3
1147,0
1148,4
1149,0
1150,4
1151,2
1152,0
1153,2
1154,2
1155,1
1156,4
1157,2
1158,2
1159,1
1160,4
1161,0
1162,0
1163,1
1164,0
1165,0
1166,0
1167,4
1168,4
1169,4
1170,3
1171,1
1172,2
1173,4
1174,1
1175,2
1176,0
1177,1
1178,0
1179,4
1180,2
1181,2
1182,4
1183,1
1184,0
1185,1
1186,1
1187,0
1188,0
1189,3
1190,3
1191,2
1192,2
1193,4
1194,1
1195,1
1196,0
1197,4
1198,1
1199,1
1200,4
1201,4
1202,0
1203,2
1204,1
1205,3
1206,2
1207,0
1208,1
1209,0
1210,4
1211,3
1212,2
1213,0
1214,4
1215,3
1216,4
1217,3
1218,2
1219,0
1220,2
1221,4
1222,0
1223,4
1224,2
1225,4
1226,0
1227,2
1228,2
1229,2
1230,0
1231,3
1232,3
1233,1
1234,3
1235,3
1236,2
1237,0
1238,2
1239,2
1240,3
1241,4
1242,2
1243,2
1244,4
1245,2
1246,0
1247,0
1248,1
1249,1
1250,2
1251,0
1252,1
1253,3
1254,0
1255,2
1256,3
1257,3
1258,3
1259,4
1260,1
1261,0
1262,0
1263,2
1264,4
1265,2
1266,1
1267,0
1268,0
1269,1
1270,3
1271,4
1272,4
1273,0
1274,3
1275,1
1276,2
1277,3
1278,1
1279,3
1280,4
1281,1
1282,3
1283,3
1284,1
1285,3
1286,4
1287,4
1288,1
1289,4
1290,0
1291,0
1292,0
1293,4
1294,2
1295,1
1296,3
1297,2
1298,2
1299,0
1300,3
1301,0
1302,2
1303,1
1304,4
1305,1
1306,3
1307,2
1308,2
1309,4
1310,4
1311,2
1312,3
1313,1
1314,2
1315,2
1316,2
1317,3
1318,4
1319,1
1320,4
1321,1
1322,2
1323,3
1324,1
1325,1
1326,4
1327,1
1328,4
1329,0
1330,2
1331,1
1332,4
1333,0
1334,0
1335,1
1336,0
1337,1
1338,1
1339,0
1340,3
1341,0
1342,3
1343,4
1344,4
1345,2
1346,0
1347,4
1348,1
1349,3
1350,3
1351,2
1352,1
1353,3
1354,1
1355,3
1356,0
1357,1
1358,4
1359,3
1360,0
1361,4
1362,4
1363,1
1364,2
1365,4
1366,1
1367,1
1368,2
1369,3
1370,0
1371,1
1372,2
1373,1
1374,0
1375,4
1376,3
1377,3
1378,1
1379,2
1380,1
1381,1
1382,4
1383,4
1384,1
1385,1
1386,4
1387,1
1388,3
1389,4
1390,0
1391,3
1392,2
1393,4
1394,0
1395,1
1396,2
1397,1
1398,3
1399,1
1400,3
1401,3
1402,3
1403,2
1404,1
1405,2
1406,0
1407,3
1408,4
1409,4
1410,0
1411,4
1412,1
1413,4
1414,1
1415,0
1416,4
1417,4
1418,0
1419,2
1420,2
1421,0
1422,4
1423,1
1424,2
1425,3
1426,0
1427,4
1428,3
1429,4
1430,1
1431,1
1432,2
1433,1
1434,1
1435,0
1436,0
1437,2
1438,4
1439,4
1440,2
1441,3
1442,0
1443,0
1444,4
1445,3
1446,4
1447,4
1448,1
1449,3
1450,0
1451,3
1452,2
1453,0
1454,0
1455,0
1456,0
1457,1
1458,1
1459,4
1460,2
1461,3
1462,3
1463,4
1464,4
1465,2
1466,3
1467,1
1468,3
1469,2
1470,0
1471,3
1472,2
1473,1
1474,1
1475,3
1476,2
1477,4
1478,4
1479,0
1480,3
1481,0
1482,1
1483,4
1484,1
1485,3
1486,3
1487,2
1488,2
1489,1
1490,0
1491,2
1492,1
1493,0
1494,2
1495,1
1496,0
1497,4
1498,0
1499,3
1500,3
1501,1
1502,2
1503,1
1504,1
1505,2
1506,3
1507,3
1508,3
1509,4
1510,4
1511,2
1512,3
1513,3
1514,4
1515,0
1516,1
1517,4
1518,4
1519,4
1520,2
1521,1
1522,3
1523,3
1524,3
1525,4
1526,1
1527,3
1528,2
1529,2
1530,0
1531,0
1532,4
1533,4
1534,3
1535,2
1536,2
1537,1
1538,2
1539,1
1540,2
1541,2
1542,0
1543,2
1544,2
1545,2
1546,0
1547,0
1548,3
1549,1
1550,3
1551,2
1552,1
1553,3
1554,3
1555,0
1556,0
1557,4
1558,1
1559,2
1560,1
1561,2
1562,1
1563,0
1564,3
1565,0
1566,3
1567,0
1568,0
1569,1
1570,3
1571,4
1572,0
1573,0
1574,4
1575,2
1576,0
1577,4
1578,1
1579,0
1580,0
1581,3
1582,0
1583,2
1584,4
1585,0
1586,0
1587,4
1588,0
1589,4
1590,0
1591,3
1592,0
1593,4
1594,0
1595,1
1596,1
1597,2
1598,4
1599,2
1600,4
1601,2
1602,1
1603,0
1604,2
1605,0
1606,3
1607,4
1608,0
1609,1
1610,3
1611,4
1612,4
1613,0
1614,4
1615,3
1616,2
1617,2
1618,1
1619,1
1620,4
1621,1
1622,1
1623,2
1624,2
1625,1
1626,2
1627,1
1628,1
1629,0
1630,3
1631,0
1632,2
1633,3
1634,4
1635,1
1636,0
1637,3
1638,4
1639,1
1640,2
1641,1
1642,0
1643,3
1644,2
1645,4
1646,1
1647,4
1648,2
1649,3
1650,0
1651,1
1652,0
1653,3
1654,1
1655,3
1656,0
1657,0
1658,1
1659,4
1660,1
1661,4
1662,0
1663,2
1664,3
1665,4
1666,1
1667,0
1668,3
1669,2
1670,2
1671,0
1672,1
1673,4
1674,1
1675,4
1676,2
1677,4
1678,3
1679,2
1680,0
1681,3
1682,0
1683,0
1684,4
1685,2
1686,4
1687,2
1688,3
1689,3
1690,2
1691,4
1692,4
1693,2
1694,2
1695,0
1696,0
1697,1
1698,1
1699,0
1700,2
1701,2
1702,2
1703,2
1704,1
1705,1
1706,2
1707,4
1708,0
1709,0
1710,3
1711,2
1712,0
1713,4
1714,2
1715,1
1716,2
1717,4
1718,0
1719,3
1720,1
1721,2
1722,2
1723,1
1724,4
1725,3
1726,2
1727,4
1728,2
1729,3
1730,0
1731,1
1732,3
1733,4
1734,1
1735,1
1736,4
1737,0
1738,0
1739,1
1740,4
1741,1
1742,0
1743,4
1744,0
1745,0
1746,4
1747,4
1748,3
1749,0
1750,4
1751,4
1752,0
1753,0
1754,0
1755,3
1756,0
1757,1
1758,4
1759,3
1760,0
1761,2
1762,0
1763,1
1764,3
1765,4
1766,0
1767,1
1768,0
1769,0
1770,4
1771,0
1772,4
1773,3
1774,1
1775,4
1776,1
1777,1
1778,4
1779,4
1780,3
1781,0
1782,4
1783,2
1784,0
1785,3
1786,0
1787,1
1788,3
1789,1
1790,3
1791,4
1792,2
1793,2
1794,4
1795,4
1796,0
1797,1
1798,2
1799,2
1800,0
1801,2
1802,2
1803,1
1804,4
1805,0
1806,2
1807,2
1808,3
1809,2
1810,0
1811,0
1812,2
1813,2
1814,2
1815,3
1816,2
1817,4
1818,4
1819,1
1820,3
1821,2
1822,3
1823,2
1824,0
1825,2
1826,0
1827,2
1828,0
1829,0
1830,2
1831,3
1832,3
1833,3
1834,4
1835,3
1836,3
1837,2
1838,0
1839,4
1840,1
1841,1
1842,3
1843,1
1844,4
1845,0
1846,3
1847,2
1848,2
1849,1
1850,1
1851,2
1852,1
1853,0
1854,1
1855,3
1856,1
1857,0
1858,4
1859,1
1860,1
1861,2
1862,1
1863,1
1864,2
1865,0
1866,0
1867,4
1868,1
1869,2
1870,3
1871,2
1872,2
1873,1
1874,3
1875,2
1876,2
1877,3
1878,1
1879,1
1880,2
1881,3
1882,2
1883,3
1884,0
1885,0
1886,4
1887,0
1888,3
1889,1
1890,3
1891,1
1892,1
1893,3
1894,1
1895,0
1896,1
1897,4
1898,3
1899,4
1900,4
1901,0
1902,4
1903,1
1904,3
1905,0
1906,2
1907,2
1908,2
1909,1
1910,2
1911,4
1912,3
1913,1
1914,4
1915,1
1916,2
1917,4
1918,3
1919,4
1920,1
1921,2
1922,1
1923,3
1924,4
1925,0
1926,2
1927,2
1928,4
1929,3
1930,1
1931,3
1932,0
1933,2
1934,3
1935,4
1936,4
1937,3
1938,0
1939,4
1940,3
1941,4
1942,4
1943,4
1944,1
1945,0
1946,4
1947,1
1948,0
1949,3
1950,4
1951,0
1952,3
1953,1
1954,0
1955,2
1956,2
1957,4
1958,1
1959,1
1960,2
1961,0
1962,1
1963,3
1964,4
1965,0
1966,3
1967,3
1968,1
1969,2
1970,3
1971,1
1972,1
1973,4
1974,0
1975,4
1976,2
1977,2
1978,3
1979,3
1980,3
1981,2
1982,2
1983,3
1984,2
1985,4
1986,3
1987,0
1988,0
1989,0
1990,2
1991,4
1992,1
1993,1
1994,1
1995,1
1996,2
1997,4
1998,0
1999,3
2000,0
2001,3
2002,2
2003,2
2004,3
2005,0
2006,1
2007,3
2008,1
2009,1
2010,1
2011,0
2012,0
2013,3
2014,1
2015,0
2016,3
2017,0
2018,1
2019,1
2020,4
2021,0
2022,1
2023,1
2024,4
2025,1
2026,2
2027,3
2028,3
2029,0
2030,3
2031,0
2032,2
2033,2
2034,2
2035,2
2036,4
2037,2
2038,4
2039,2
2040,3
2041,4
2042,2
2043,1
2044,3
2045,1
2046,4
2047,2
2048,3
2049,2
2050,3
2051,2
2052,0
2053,2
2054,2
2055,4
2056,2
2057,2
2058,0
2059,1
2060,0
2061,0
2062,2
2063,4
2064,1
2065,2
2066,0
2067,1
2068,3
2069,1
2070,1
2071,2
2072,0
2073,4
2074,3
2075,3
2076,3
2077,3
2078,2
2079,0
2080,1
2081,2
2082,0
2083,4
2084,0
2085,4
2086,1
2087,4
2088,3
2089,4
2090,1
2091,3
2092,4
2093,4
2094,2
2095,4
2096,4
2097,4
2098,1
2099,2
2100,2
2101,0
2102,0
2103,1
2104,0
2105,1
2106,4
2107,1
2108,1
2109,1
2110,3
2111,3
2112,0
2113,0
2114,3
2115,1
2116,2
2117,0
2118,4
2119,2
2120,2
2121,2
2122,4
2123,4
2124,2
2125,0
2126,0
2127,2
2128,0
2129,2
2130,2
2131,2
2132,4
2133,3
2134,0
2135,4
2136,3
2137,3
2138,3
2139,4
2140,2
2141,4
2142,4
2143,2
2144,4
2145,2
2146,3
2147,3
2148,2
2149,1
2150,0
2151,3
2152,1
2153,4
2154,4
2155,4
2156,0
2157,2
2158,0
2159,1
2160,1
2161,4
2162,3
2163,1
2164,1
2165,1
2166,2
2167,1
2168,1
2169,2
2170,3
2171,4
2172,4
2173,1
2174,2
2175,0
2176,4
2177,1
2178,3
2179,3
2180,3
2181,0
2182,3
2183,0
2184,4
2185,1
2186,1
2187,2
2188,1
2189,2
2190,3
2191,0
2192,3
2193,4
2194,1
2195,0
2196,3
2197,2
2198,4
2199,4
2200,0
2201,4
2202,1
2203,3
2204,0
2205,0
2206,2
2207,0
2208,1
2209,2
2210,1
2211,0
2212,0
2213,4
2214,2
2215,1
2216,1
2217,3
2218,2
2219,4
2220,3
2221,1
2222,4
2223,1
2224,1
2225,4
2226,3
2227,2
2228,1
2229,4
2230,1
2231,3
2232,4
2233,3
2234,3
2235,2
2236,2
2237,3
2238,4
2239,0
2240,1
2241,0
2242,4
2243,2
2244,2
2245,1
2246,4
2247,1
2248,0
2249,3
2250,2
2251,2
2252,0
2253,4
2254,0
2255,4
2256,0
2257,2
2258,0
2259,2
2260,2
2261,3
2262,3
2263,3
2264,2
2265,4
2266,0
2267,4
2268,1
2269,4
2270,3
2271,0
2272,0
2273,4
2274,4
2275,1
2276,4
2277,4
2278,4
2279,2
2280,2
2281,4
2282,3
2283,1
2284,2
2285,4
2286,0
2287,1
2288,2
2289,2
2290,3
2291,4
2292,0
2293,1
2294,1
2295,4
2296,2
2297,0
2298,1
2299,1
2300,3
2301,0
2302,0
2303,0
2304,4
2305,0
2306,2
2307,3
2308,1
2309,1
2310,1
2311,0
2312,1
2313,1
2314,2
2315,2
2316,0
2317,1
2318,1
2319,0
2320,2
2321,0
2322,2
2323,4
2324,0
2325,2
2326,1
2327,2
2328,0
2329,3
2330,2
2331,3
2332,3
2333,4
2334,1
2335,4
2336,4
2337,3
2338,0
2339,0
2340,1
2341,4
2342,1
2343,4
2344,0
2345,3
2346,3
2347,2
2348,0
2349,2
2350,0
2351,0
2352,0
2353,4
2354,1
2355,2
2356,4
2357,2
2358,4
2359,2
2360,4
2361,2
2362,0
2363,3
2364,3
2365,0
2366,4
2367,1
2368,4
2369,4
2370,3
2371,2
2372,3
2373,3
2374,1
2375,3
2376,1
2377,4
2378,4
2379,2
2380,2
2381,1
2382,2
2383,1
2384,1
2385,4
2386,0
2387,4
2388,2
2389,4
2390,1
2391,2
2392,1
2393,3
2394,1
2395,2
2396,3
2397,3
2398,4
2399,3
2400,2
2401,2
2402,2
2403,1
2404,0
2405,2
2406,0
2407,2
2408,0
2409,3
2410,2
2411,0
2412,2
2413,2
2414,3
2415,0
2416,2
2417,0
2418,1
2419,4
2420,4
2421,4
2422,4
2423,2
2424,2
2425,4
2426,4
2427,2
2428,2
2429,1
2430,2
2431,2
2432,1
2433,1
2434,0
2435,2
2436,3
2437,3
2438,2
2439,1
2440,1
2441,4
2442,2
2443,1
2444,1
2445,4
2446,4
2447,0
2448,3
2449,3
2450,3
2451,1
2452,3
2453,1
2454,3
2455,1
2456,3
2457,3
2458,1
2459,4
2460,1
2461,1
2462,3
2463,3
2464,2
2465,0
2466,0
2467,2
2468,0
2469,1
2470,1
2471,4
2472,3
2473,2
2474,4
2475,2
2476,0
2477,0
2478,3
2479,4
2480,3
2481,2
2482,2
2483,2
2484,4
2485,4
2486,3
2487,0
2488,4
2489,4
2490,3
2491,4
2492,2
2493,1
2494,1
2495,2
2496,3
2497,1
2498,0
2499,4
2500,1
2501,4
2502,4
2503,3
2504,1
2505,0
2506,3
2507,4
2508,3
2509,4
2510,0
2511,3
2512,3
2513,2
2514,4
2515,4
2516,2
2517,1
2518,4
2519,3
2520,1
2521,1
2522,3
2523,3
2524,0
2525,0
2526,2
2527,1
2528,1
2529,4
2530,0
2531,2
2532,2
2533,4
2534,4
2535,3
2536,0
2537,0
2538,1
2539,4
2540,0
2541,1
2542,3
2543,4
2544,4
2545,1
2546,0
2547,2
2548,0
2549,0
2550,0
2551,2
2552,2
2553,2
2554,3
2555,4
2556,0
2557,4
2558,1
2559,4
2560,2
2561,1
2562,3
2563,2
2564,3
2565,0
2566,4
2567,0
2568,1
2569,4
2570,3
2571,3
2572,2
2573,0
2574,2
2575,1
2576,4
2577,4
2578,3
2579,0
2580,2
2581,4
2582,1
2583,0
2584,1
2585,0
2586,1
2587,0
2588,4
2589,1
2590,4
2591,4
2592,4
2593,3
2594,4
2595,1
2596,0
2597,4
2598,0
2599,4
2600,2
2601,1
2602,0
2603,2
2604,3
2605,4
2606,1
2607,1
2608,3
2609,3
2610,3
2611,0
2612,4
2613,4
2614,2
2615,3
2616,1
2617,2
2618,1
2619,3
2620,3
2621,2
2622,3
2623,0
2624,1
2625,1
2626,1
2627,4
2628,2
2629,0
2630,1
2631,4
2632,4
2633,2
2634,2
2635,1
2636,3
2637,3
2638,2
2639,1
2640,4
2641,4
2642,1
2643,0
2644,2
2645,1
2646,2
2647,2
2648,3
2649,0
2650,4
2651,2
2652,0
2653,1
2654,0
2655,4
2656,1
2657,3
2658,1
2659,2
2660,4
2661,3
2662,1
2663,1
2664,3
2665,3
2666,1
2667,3
2668,2
2669,2
2670,2
2671,3
2672,0
2673,1
2674,2
2675,3
2676,0
2677,0
2678,0
2679,2
2680,0
2681,1
2682,2
2683,0
2684,3
2685,3
2686,3
2687,1
2688,0
2689,2
2690,4
2691,3
2692,4
2693,3
2694,4
2695,1
2696,2
2697,4
2698,3
2699,3
2700,0
2701,3
2702,4
2703,1
2704,2
2705,4
2706,3
2707,1
2708,3
2709,3
2710,3
2711,3
2712,3
2713,1
2714,4
2715,0
2716,1
2717,3
2718,0
2719,1
2720,0
2721,2
2722,4
2723,1
2724,3
2725,2
2726,4
2727,0
2728,1
2729,2
2730,1
2731,4
2732,0
2733,2
2734,1
2735,1
2736,2
2737,3
2738,2
2739,0
2740,0
2741,2
2742,2
2743,1
2744,3
2745,2
2746,3
2747,1
2748,1
2749,4
2750,3
2751,1
2752,1
2753,4
2754,1
2755,0
2756,1
2757,0
2758,2
2759,3
2760,4
2761,0
2762,3
2763,0
2764,1
2765,2
2766,4
2767,3
2768,4
2769,0
2770,0
2771,4
2772,1
2773,0
2774,0
2775,3
2776,1
2777,3
2778,2
2779,2
2780,2
2781,1
2782,0
2783,4
2784,0
2785,0
2786,1
2787,3
2788,4
2789,3
2790,1
2791,2
2792,2
2793,3
2794,1
2795,3
2796,2
2797,2
2798,2
2799,3
2800,1
2801,4
2802,3
2803,2
2804,4
2805,4
2806,2
2807,2
2808,3
2809,1
2810,4
2811,3
2812,4
2813,0
2814,0
2815,1
2816,1
2817,3
2818,3
2819,0
2820,3
2821,4
2822,0
2823,1
2824,0
2825,0
2826,4
2827,3
2828,3
2829,3
2830,4
2831,1
2832,3
2833,1
2834,2
2835,0
2836,3
2837,2
2838,2
2839,0
2840,2
2841,4
2842,3
2843,3
2844,1
2845,0
2846,2
2847,4
2848,0
2849,4
2850,2
2851,4
2852,1
2853,1
2854,4
2855,1
2856,3
2857,1
2858,4
2859,0
2860,2
2861,3
2862,1
2863,4
2864,1
2865,1
2866,2
2867,3
2868,3
2869,0
2870,4
2871,2
2872,4
2873,4
2874,1
2875,3
2876,3
2877,4
2878,1
2879,0
2880,2
2881,3
2882,0
2883,3
2884,3
2885,0
2886,3
2887,1
2888,3
2889,3
2890,4
2891,0
2892,0
2893,0
2894,2
2895,4
2896,3
2897,2
2898,0
2899,3
2900,3
2901,2
2902,1
2903,1
2904,4
2905,4
2906,2
2907,3
2908,0
2909,0
2910,4
2911,0
2912,2
2913,2
2914,1
2915,4
2916,2
2917,1
2918,4
2919,0
2920,3
2921,2
2922,3
2923,0
2924,0
2925,4
2926,0
2927,4
2928,4
2929,0
2930,2
2931,4
2932,2
2933,4
2934,0
2935,0
2936,2
2937,4
2938,1
2939,0
2940,3
2941,4
2942,4
2943,1
2944,3
2945,4
2946,1
2947,4
2948,3
2949,0
2950,3
2951,1
2952,4
2953,3
2954,1
2955,4
2956,0
2957,4
2958,0
2959,4
2960,4
2961,4
2962,1
2963,4
2964,3
2965,0
2966,1
2967,1
2968,0
2969,4
2970,3
2971,0
2972,1
2973,3
2974,4
2975,4
2976,2
2977,4
2978,4
2979,4
2980,0
2981,1
2982,3
2983,2
2984,2
2985,4
2986,0
2987,0
2988,2
2989,1
2990,3
2991,1
2992,3
2993,1
2994,2
2995,1
2996,0
2997,3
2998,0
2999,2
3000,3
3001,0
3002,2
3003,3
3004,1
3005,4
3006,1
3007,1
3008,0
3009,4
3010,1
3011,2
3012,1
3013,1
3014,1
3015,0
3016,0
3017,0
3018,2
3019,4
3020,2
3021,3
3022,2
3023,1
3024,3
3025,1
3026,4
3027,3
3028,4
3029,1
3030,1
3031,1
3032,3
3033,0
3034,2
3035,1
3036,3
3037,4
3038,1
3039,0
3040,0
3041,0
3042,4
3043,2
3044,4
3045,1
3046,2
3047,4
3048,4
3049,0
3050,0
3051,1
3052,4
3053,2
3054,4
3055,4
3056,2
3057,4
3058,3
3059,4
3060,2
3061,3
3062,1
3063,1
3064,2
3065,1
3066,3
3067,3
3068,2
3069,0
3070,1
3071,3
3072,4
3073,3
3074,2
3075,2
3076,4
3077,0
3078,0
3079,3
3080,4
3081,3
3082,4
3083,2
3084,2
3085,0
3086,0
3087,2
3088,2
3089,1
3090,3
3091,0
3092,3
3093,2
3094,4
3095,0
3096,2
3097,0
3098,0
3099,1
3100,1
3101,2
3102,2
3103,0
3104,3
3105,2
3106,1
3107,2
3108,2
3109,3
3110,1
3111,0
3112,4
3113,3
3114,4
3115,0
3116,3
3117,0
3118,4
3119,1
3120,2
3121,2
3122,0
3123,4
3124,1
3125,0
3126,4
3127,0
3128,4
3129,1
3130,0
3131,2
3132,3
3133,2
3134,3
3135,4
3136,4
3137,4
3138,0
3139,4
3140,2
3141,4
3142,4
3143,0
3144,2
3145,4
3146,3
3147,1
3148,1
3149,1
3150,2
3151,1
3152,0
3153,4
3154,2
3155,3
3156,0
3157,1
3158,1
3159,4
3160,1
3161,4
3162,1
3163,2
3164,0
3165,3
3166,2
3167,0
3168,4
3169,1
3170,4
3171,1
3172,1
3173,4
3174,3
3175,1
3176,4
3177,1
3178,4
3179,2
3180,3
3181,4
3182,2
3183,3
3184,0
3185,1
3186,2
3187,1
3188,1
3189,0
3190,0
3191,0
3192,4
3193,4
3194,3
3195,0
3196,2
3197,0
3198,1
3199,4
3200,2
3201,1
3202,3
3203,3
3204,0
3205,1
3206,4
3207,0
3208,1
3209,3
3210,1
3211,4
3212,3
3213,3
3214,4
3215,1
3216,3
3217,0
3218,0
3219,2
3220,4
3221,2
3222,2
3223,4
3224,4
3225,4
3226,3
3227,1
3228,2
3229,4
3230,4
3231,2
3232,0
3233,3
3234,1
3235,2
3236,1
3237,0
3238,2
3239,4
3240,4
3241,4
3242,1
3243,2
3244,4
3245,2
3246,4
3247,3
3248,0
3249,4
3250,3
3251,1
3252,0
3253,3
3254,1
3255,4
3256,4
3257,3
3258,4
3259,2
3260,3
3261,1
3262,2
3263,0
3264,2
3265,4
3266,4
3267,3
3268,4
3269,1
3270,2
3271,3
3272,0
3273,0
3274,3
3275,0
3276,4
3277,1
3278,1
3279,0
3280,3
3281,2
3282,3
3283,1
3284,2
3285,4
3286,4
3287,1
3288,2
3289,4
3290,3
3291,4
3292,3
3293,0
3294,3
3295,1
3296,0
3297,4
3298,4
3299,0
3300,2
3301,2
3302,2
3303,2
3304,2
3305,0
3306,0
3307,3
3308,1
3309,3
3310,4
3311,3
3312,1
3313,3
3314,2
3315,2
3316,3
3317,4
3318,1
3319,0
3320,0
3321,0
3322,4
3323,3
3324,4
3325,1
3326,2
3327,3
3328,2
3329,1
3330,0
3331,4
3332,2
3333,4
3334,2
3335,1
3336,0
3337,2
3338,1
3339,0
3340,3
3341,1
3342,1
3343,3
3344,0
3345,2
3346,0
3347,1
3348,2
3349,2
3350,1
3351,0
3352,4
3353,4
3354,3
3355,2
3356,1
3357,1
3358,3
3359,3
3360,3
3361,2
3362,4
3363,4
3364,2
3365,1
3366,4
3367,4
3368,3
3369,4
3370,2
3371,0
3372,2
3373,0
3374,4
3375,1
3376,1
3377,0
3378,4
3379,0
3380,0
3381,3
3382,3
3383,4
3384,1
3385,4
3386,2
3387,0
3388,1
3389,2
3390,0
3391,1
3392,0
3393,0
3394,0
3395,4
3396,1
3397,3
3398,2
3399,1
3400,4
3401,2
3402,3
3403,1
3404,1
3405,0
3406,2
3407,4
3408,1
3409,2
3410,1
3411,3
3412,1
3413,2
3414,2
3415,4
3416,2
3417,4
3418,0
3419,0
3420,0
3421,3
3422,2
3423,3
3424,2
3425,4
3426,4
3427,2
3428,0
3429,1
3430,2
3431,2
3432,1
3433,1
3434,0
3435,2
3436,3
3437,0
3438,0
3439,1
3440,2
3441,4
3442,4
3443,2
3444,0
3445,1
3446,1
3447,1
3448,3
3449,0
3450,4
3451,2
3452,4
3453,3
3454,1
3455,3
3456,1
3457,4
3458,3
3459,2
3460,1
3461,2
3462,4
3463,0
3464,3
3465,4
3466,3
3467,0
3468,2
3469,1
3470,0
3471,2
3472,0
3473,0
3474,0
3475,1
3476,3
3477,4
3478,1
3479,4
3480,1
3481,4
3482,3
3483,4
3484,1
3485,4
3486,4
3487,1
3488,0
3489,1
3490,2
3491,3
3492,3
3493,0
3494,2
3495,0
3496,3
3497,1
3498,3
3499,2
3500,3
3501,4
3502,0
3503,0
3504,2
3505,2
3506,4
3507,3
3508,0
3509,4
3510,0
3511,1
3512,0
3513,4
3514,1
3515,1
3516,1
3517,3
3518,3
3519,3
3520,4
3521,2
3522,1
3523,1
3524,0
3525,4
3526,1
3527,0
3528,1
3529,4
3530,1
3531,1
3532,3
3533,2
3534,4
3535,4
3536,0
3537,4
3538,3
3539,0
3540,1
3541,1
3542,1
3543,0
3544,0
3545,0
3546,0
3547,2
3548,4
3549,3
3550,4
3551,2
3552,3
3553,3
3554,0
3555,3
3556,4
3557,2
3558,2
3559,3
3560,3
3561,4
3562,3
3563,0
3564,4
3565,1
3566,3
3567,2
3568,3
3569,0
3570,4
3571,1
3572,1
3573,3
3574,0
3575,2
3576,1
3577,3
3578,0
3579,2
3580,1
3581,1
3582,0
3583,4
3584,4
3585,3
3586,1
3587,0
3588,0
3589,4
3590,0
3591,3
3592,0
3593,4
3594,4
3595,1
3596,3
3597,2
3598,4
3599,0
3600,0
3601,0
3602,4
3603,3
3604,0
3605,4
3606,4
3607,0
3608,3
3609,4
3610,3
3611,1
3612,0
3613,4
3614,4
3615,4
3616,2
3617,1
3618,1
3619,3
3620,0
3621,2
3622,4
3623,4
3624,0
3625,1
3626,2
3627,4
3628,0
3629,3
3630,4
3631,1
3632,3
3633,4
3634,4
3635,3
3636,0
3637,1
3638,3
3639,1
3640,1
3641,4
3642,3
3643,1
3644,4
3645,0
3646,3
3647,0
3648,3
3649,0
3650,2
3651,0
3652,4
3653,3
3654,2
3655,3
3656,1
3657,2
3658,1
3659,4
3660,2
3661,3
3662,2
3663,4
3664,1
3665,3
3666,1
3667,3
3668,3
3669,4
3670,4
3671,2
3672,2
3673,2
3674,1
3675,0
3676,4
3677,1
3678,1
3679,2
3680,0
3681,2
3682,0
3683,0
3684,3
3685,1
3686,2
3687,1
3688,2
3689,4
3690,0
3691,4
3692,3
3693,1
3694,2
3695,0
3696,0
3697,4
3698,0
3699,0
3700,0
3701,4
3702,0
3703,0
3704,2
3705,1
3706,2
3707,2
3708,1
3709,4
3710,4
3711,0
3712,3
3713,3
3714,1
3715,3
3716,3
3717,3
3718,3
3719,2
3720,3
3721,4
3722,0
3723,4
3724,3
3725,0
3726,3
3727,2
3728,2
3729,3
3730,3
3731,0
3732,3
3733,4
3734,1
3735,2
3736,1
3737,1
3738,1
3739,3
3740,3
3741,3
3742,2
3743,1
3744,1
3745,1
3746,1
3747,4
3748,1
3749,2
3750,4
3751,3
3752,0
3753,0
3754,3
3755,1
3756,3
3757,4
3758,4
3759,3
3760,1
3761,3
3762,0
3763,3
3764,1
3765,0
3766,1
3767,3
3768,2
3769,4
3770,3
3771,3
3772,1
3773,0
3774,0
3775,2
3776,2
3777,2
3778,3
3779,2
3780,4
3781,1
3782,4
3783,4
3784,1
3785,3
3786,2
3787,3
3788,0
3789,2
3790,2
3791,3
3792,3
3793,1
3794,0
3795,0
3796,3
3797,1
3798,1
3799,1
3800,4
3801,0
3802,1
3803,2
3804,0
3805,1
3806,2
3807,4
3808,3
3809,3
3810,3
3811,3
3812,0
3813,3
3814,3
3815,2
3816,2
3817,2
3818,3
3819,2
3820,0
3821,4
3822,4
3823,0
3824,1
3825,4
3826,2
3827,1
3828,0
3829,1
3830,4
3831,0
3832,1
3833,0
3834,3
3835,4
3836,1
3837,2
3838,3
3839,3
3840,0
3841,4
3842,2
3843,0
3844,2
3845,1
3846,3
3847,3
3848,2
3849,1
3850,3
3851,2
3852,4
3853,1
3854,4
3855,1
3856,4
3857,4
3858,3
3859,4
3860,3
3861,0
3862,1
3863,4
3864,4
3865,4
3866,4
3867,1
3868,2
3869,0
3870,4
3871,2
3872,3
3873,0
3874,4
3875,1
3876,1
3877,0
3878,0
3879,1
3880,4
3881,1
3882,1
3883,2
3884,0
3885,2
3886,2
3887,3
3888,0
3889,2
3890,2
3891,4
3892,2
3893,2
3894,4
3895,4
3896,4
3897,4
3898,0
3899,1
3900,1
3901,2
3902,1
3903,3
3904,4
3905,3
3906,2
3907,0
3908,2
3909,1
3910,3
3911,0
3912,2
3913,0
3914,1
3915,2
3916,0
3917,1
3918,2
3919,0
3920,3
3921,3
3922,1
3923,0
3924,2
3925,4
3926,3
3927,3
3928,0
3929,2
3930,2
3931,2
3932,1
3933,2
3934,0
3935,3
3936,4
3937,4
3938,1
3939,0
3940,3
3941,1
3942,0
3943,0
3944,2
3945,4
3946,1
3947,0
3948,3
3949,1
3950,1
3951,2
3952,2
3953,1
3954,3
3955,3
3956,3
3957,0
3958,1
3959,2
3960,4
3961,0
3962,0
3963,2
3964,0
3965,4
3966,1
3967,1
3968,0
3969,0
3970,3
3971,3
3972,3
3973,1
3974,3
3975,2
3976,3
3977,3
3978,0
3979,3
3980,3
3981,3
3982,0
3983,4
3984,2
3985,3
3986,4
3987,3
3988,1
3989,1
3990,3
3991,3
3992,0
3993,3
3994,2
3995,0
3996,3
3997,4
3998,4
3999,1
4000,0
4001,4
4002,0
4003,1
4004,2
4005,4
4006,0
4007,3
4008,1
4009,1
4010,2
4011,1
4012,1
4013,4
4014,2
4015,0
4016,2
4017,4
4018,3
4019,1
4020,0
4021,0
4022,4
4023,1
4024,1
4025,0
4026,0
4027,3
4028,0
4029,0
4030,0
4031,0
4032,3
4033,3
4034,3
4035,1
4036,1
4037,2
4038,1
4039,2
4040,0
4041,0
4042,1
4043,4
4044,2
4045,1
4046,2
4047,4
4048,3
4049,1
4050,2
4051,4
4052,4
4053,1
4054,0
4055,2
4056,4
4057,3
4058,2
4059,4
4060,2
4061,1
4062,3
4063,1
4064,4
4065,3
4066,4
4067,1
4068,0
4069,4
4070,3
4071,1
4072,0
4073,3
4074,0
4075,4
4076,4
4077,4
4078,2
4079,2
4080,1
4081,1
4082,3
4083,1
4084,1
4085,1
4086,4
4087,4
4088,3
4089,2
4090,0
4091,0
4092,0
4093,0
4094,1
4095,0
4096,3
4097,2
4098,1
4099,0
4100,0
4101,3
4102,3
4103,4
4104,1
4105,3
4106,3
4107,3
4108,2
4109,0
4110,2
4111,3
4112,4
4113,4
4114,4
4115,1
4116,3
4117,3
4118,1
4119,3
4120,2
4121,4
4122,0
4123,2
4124,2
4125,4
4126,3
4127,4
4128,0
4129,3
4130,4
4131,4
4132,1
4133,2
4134,2
4135,3
4136,3
4137,0
4138,2
4139,4
4140,3
4141,2
4142,4
4143,1
4144,3
4145,3
4146,1
4147,1
4148,3
4149,1
4150,4
4151,2
4152,3
4153,0
4154,1
4155,3
4156,1
4157,2
4158,0
4159,3
4160,4
4161,3
4162,0
4163,0
4164,0
4165,1
4166,3
4167,4
4168,4
4169,3
4170,4
4171,1
4172,4
4173,1
4174,4
4175,1
4176,3
4177,1
4178,0
4179,0
4180,2
4181,1
4182,1
4183,2
4184,1
4185,3
4186,4
4187,3
4188,3
4189,2
4190,0
4191,1
4192,2
4193,0
4194,3
4195,2
4196,3
4197,2
4198,2
4199,3
4200,4
4201,4
4202,0
4203,0
4204,2
4205,1
4206,4
4207,2
4208,1
4209,3
4210,3
4211,3
4212,2
4213,1
4214,2
4215,4
4216,3
4217,1
4218,4
4219,3
4220,0
4221,0
4222,3
4223,2
4224,1
4225,3
4226,1
4227,3
4228,2
4229,2
4230,1
4231,4
4232,2
4233,1
4234,3
4235,0
4236,0
4237,2
4238,0
4239,4
4240,2
4241,3
4242,3
4243,3
4244,4
4245,3
4246,1
4247,0
4248,4
4249,3
4250,4
4251,2
4252,3
4253,0
4254,2
4255,2
4256,2
4257,0
4258,3
4259,0
4260,1
4261,2
4262,3
4263,2
4264,2
4265,1
4266,2
4267,3
4268,1
4269,2
4270,2
4271,1
4272,2
4273,2
4274,0
4275,0
4276,1
4277,4
4278,4
4279,4
4280,4
4281,2
4282,2
4283,2
4284,1
4285,0
4286,4
4287,2
4288,4
4289,3
4290,1
4291,4
4292,4
4293,0
4294,0
4295,0
4296,3
4297,4
4298,3
4299,0
4300,0
4301,4
4302,3
4303,3
4304,3
4305,3
4306,4
4307,0
4308,2
4309,2
4310,4
4311,3
4312,3
4313,0
4314,0
4315,2
4316,0
4317,4
4318,2
4319,1
4320,4
4321,1
4322,1
4323,3
4324,3
4325,1
4326,2
4327,4
4328,4
4329,1
4330,4
4331,4
4332,3
4333,4
4334,2
4335,3
4336,2
4337,2
4338,4
4339,4
4340,1
4341,0
4342,0
4343,4
4344,0
4345,4
4346,4
4347,1
4348,1
4349,3
4350,1
4351,1
4352,4
4353,3
4354,2
4355,3
4356,4
4357,2
4358,3
4359,2
4360,4
4361,3
4362,3
4363,0
4364,1
4365,2
4366,0
4367,0
4368,3
4369,1
4370,2
4371,0
4372,2
4373,1
4374,0
4375,2
4376,1
4377,0
4378,2
4379,3
4380,1
4381,3
4382,0
4383,1
4384,0
4385,0
4386,0
4387,3
4388,3
4389,2
4390,4
4391,4
4392,1
4393,0
4394,3
4395,0
4396,3
4397,3
4398,4
4399,1
4400,2
4401,4
4402,2
4403,4
4404,3
4405,0
4406,3
4407,4
4408,4
4409,1
4410,4
4411,1
4412,2
4413,0
4414,2
4415,2
4416,4
4417,1
4418,3
4419,1
4420,3
4421,2
4422,1
4423,2
4424,1
4425,1
4426,3
4427,2
4428,3
4429,0
4430,2
4431,0
4432,0
4433,2
4434,0
4435,3
4436,3
4437,3
4438,1
4439,4
4440,0
4441,2
4442,0
4443,2
4444,1
4445,1
4446,2
4447,3
4448,3
4449,2
4450,0
4451,2
4452,4
4453,4
4454,4
4455,3
4456,3
4457,4
4458,0
4459,1
4460,4
4461,4
4462,1
4463,2
4464,4
4465,4
4466,0
4467,1
4468,0
4469,4
4470,4
4471,1
4472,1
4473,1
4474,3
4475,0
4476,0
4477,4
4478,1
4479,2
4480,2
4481,1
4482,4
4483,4
4484,3
4485,1
4486,4
4487,3
4488,3
4489,0
4490,3
4491,0
4492,0
4493,3
4494,2
4495,4
4496,0
4497,1
4498,3
4499,2
4500,0
4501,0
4502,4
4503,0
4504,2
4505,3
4506,2
4507,1
4508,1
4509,3
4510,3
4511,0
4512,1
4513,1
4514,0
4515,0
4516,0
4517,2
4518,4
4519,3
4520,0
4521,0
4522,0
4523,0
4524,4
4525,2
4526,2
4527,0
4528,3
4529,2
4530,4
4531,0
4532,0
4533,4
4534,4
4535,1
4536,2
4537,1
4538,2
4539,3
4540,4
4541,4
4542,1
4543,3
4544,1
4545,2
4546,0
4547,3
4548,2
4549,2
4550,0
4551,3
4552,0
4553,3
4554,2
4555,1
4556,1
4557,2
4558,4
4559,2
4560,3
4561,4
4562,1
4563,0
4564,2
4565,0
4566,1
4567,1
4568,3
4569,3
4570,3
4571,3
4572,1
4573,1
4574,1
4575,2
4576,0
4577,1
4578,3
4579,3
4580,0
4581,0
4582,1
4583,4
4584,2
4585,1
4586,3
4587,4
4588,1
4589,2
4590,0
4591,0
4592,1
4593,3
4594,4
4595,0
4596,4
4597,4
4598,3
4599,2
4600,3
4601,3
4602,2
4603,3
4604,4
4605,4
4606,3
4607,0
4608,4
4609,3
4610,4
4611,1
4612,0
4613,1
4614,1
4615,2
4616,1
4617,1
4618,4
4619,0
4620,0
4621,4
4622,0
4623,0
4624,4
4625,0
4626,3
4627,0
4628,2
4629,0
4630,1
4631,2
4632,1
4633,2
4634,0
4635,0
4636,1
4637,3
4638,1
4639,4
4640,3
4641,3
4642,4
4643,3
4644,3
4645,1
4646,3
4647,2
4648,0
4649,1
4650,0
4651,3
4652,2
4653,1
4654,3
4655,2
4656,3
4657,0
4658,4
4659,3
4660,4
4661,4
4662,4
4663,0
4664,1
4665,1
4666,0
4667,1
4668,0
4669,1
4670,0
4671,0
4672,4
4673,1
4674,3
4675,0
4676,3
4677,1
4678,0
4679,2
4680,3
4681,3
4682,0
4683,2
4684,2
4685,0
4686,1
4687,1
4688,2
4689,4
4690,3
4691,1
4692,0
4693,1
4694,0
4695,3
4696,3
4697,2
4698,4
4699,2
4700,4
4701,0
4702,4
4703,4
4704,2
4705,1
4706,2
4707,4
4708,4
4709,1
4710,0
4711,1
4712,2
4713,4
4714,0
4715,2
4716,0
4717,0
4718,2
4719,3
4720,0
4721,0
4722,1
4723,2
4724,2
4725,2
4726,4
4727,0
4728,0
4729,4
4730,2
4731,0
4732,0
4733,4
4734,0
4735,2
4736,3
4737,1
4738,0
4739,1
4740,0
4741,3
4742,1
4743,0
4744,1
4745,2
4746,2
4747,0
4748,1
4749,3
4750,1
4751,1
4752,2
4753,3
4754,2
4755,4
4756,2
4757,0
4758,2
4759,3
4760,2
4761,1
4762,4
4763,1
4764,2
4765,1
4766,0
4767,4
4768,2
4769,1
4770,3
4771,1
4772,1
4773,2
4774,2
4775,2
4776,4
4777,0
4778,0
4779,0
4780,3
4781,1
4782,4
4783,4
4784,2
4785,0
4786,1
4787,4
4788,1
4789,3
4790,4
4791,2
4792,2
4793,0
4794,2
4795,3
4796,0
4797,0
4798,1
4799,1
4800,1
4801,4
4802,3
4803,3
4804,2
4805,1
4806,0
4807,3
4808,4
4809,1
4810,0
4811,2
4812,1
4813,2
4814,1
4815,1
4816,3
4817,0
4818,1
4819,1
4820,0
4821,3
4822,0
4823,2
4824,0
4825,4
4826,3
4827,1
4828,3
4829,2
4830,2
4831,4
4832,2
4833,0
4834,3
4835,1
4836,4
4837,2
4838,2
4839,2
4840,4
4841,2
4842,3
4843,2
4844,1
4845,1
4846,0
4847,3
4848,1
4849,2
4850,3
4851,0
4852,1
4853,0
4854,4
4855,0
4856,2
4857,4
4858,4
4859,1
4860,1
4861,3
4862,2
4863,1
4864,0
4865,4
4866,0
4867,3
4868,4
4869,0
4870,4
4871,4
4872,3
4873,2
4874,4
4875,2
4876,4
4877,0
4878,1
4879,1
4880,1
4881,2
4882,1
4883,3
4884,3
4885,3
4886,1
4887,3
4888,2
4889,1
4890,3
4891,2
4892,0
4893,4
4894,4
4895,4
4896,4
4897,0
4898,3
4899,3
4900,4
4901,0
4902,4
4903,0
4904,2
4905,3
4906,1
4907,2
4908,2
4909,3
4910,2
4911,3
4912,1
4913,1
4914,3
4915,2
4916,2
4917,2
4918,0
4919,4
4920,4
4921,4
4922,3
4923,3
4924,3
4925,4
4926,3
4927,0
4928,4
4929,2
4930,3
4931,2
4932,0
4933,4
4934,3
4935,1
4936,3
4937,1
4938,0
4939,2
4940,2
4941,2
4942,4
4943,3
4944,2
4945,3
4946,1
4947,4
4948,1
4949,2
4950,1
4951,3
4952,0
4953,4
4954,4
4955,4
4956,1
4957,3
4958,2
4959,0
4960,0
4961,1
4962,1
4963,4
4964,2
4965,0
4966,3
4967,3
4968,3
4969,2
4970,2
4971,0
4972,1
4973,0
4974,1
4975,1
4976,2
4977,1
4978,1
4979,4
4980,3
4981,4
4982,3
4983,2
4984,2
4985,2
4986,4
4987,0
4988,1
4989,1
4990,0
4991,3
4992,2
4993,4
4994,3
4995,2
4996,0
4997,4
4998,4
4999,3
5000,4
5001,0
5002,2
5003,4
5004,3
5005,0
5006,0
5007,0
5008,3
5009,0
5010,0
5011,1
5012,4
5013,3
5014,3
5015,3
5016,0
5017,3
5018,1
5019,3
5020,3
5021,4
5022,3
5023,0
5024,4
5025,4
5026,2
5027,4
5028,4
5029,3
5030,2
5031,3
5032,4
5033,2
5034,4
5035,2
5036,1
5037,4
5038,4
5039,0
5040,1
5041,0
5042,2
5043,2
5044,2
5045,3
5046,4
5047,3
5048,3
5049,1
5050,3
5051,1
5052,2
5053,1
5054,4
5055,4
5056,2
5057,1
5058,4
5059,4
5060,3
5061,2
5062,1
5063,2
5064,1
5065,2
5066,0
5067,1
5068,1
5069,0
5070,3
5071,2
5072,0
5073,2
5074,1
5075,3
5076,3
5077,2
5078,0
5079,4
5080,0
